<SoftwareUpdate><presion><Type>0</Type><Name>GOM Player</Name><NameNew>GOM Media Player</NameNew></presion><presion><Type>0</Type><Name>aida64 extreme</Name><NameNew>aida64 extreme edition</NameNew></presion><presion><Type>0</Type><Name>adobe reader xi</Name><NameNew>adobe reader</NameNew></presion><presion><Type>0</Type><Name>rapidtyping</Name><NameNew>rapid typing tutor</NameNew></presion><presion><Type>0</Type><Name>macrium reflect free edition</Name><NameNew>macrium reflect free</NameNew></presion><presion><Type>0</Type><Name>cpuid cpu-z</Name><NameNew>cpu-z</NameNew></presion><presion><Type>0</Type><Name>the kmplayer</Name><NameNew>kmplayer</NameNew></presion><presion><Type>0</Type><Name>adobe flash player activex</Name><NameNew>Adobe Flash Player (IE)</NameNew></presion><presion><Type>0</Type><Name>adobe flash player plugin</Name><NameNew>Adobe Flash Player (Non-IE)</NameNew></presion><presion><Type>0</Type><Name>fastpictureviewer professional</Name><NameNew>fastpictureviewer</NameNew></presion><presion><Type>0</Type><Name>pdf-viewer</Name><NameNew>PDF-XChange Viewer</NameNew></presion><presion><Type>0</Type><Name>PrimoPDF -- brought to you by Nitro PDF Software</Name><NameNew>primopdf</NameNew></presion><presion><Type>0</Type><Name>CutePDF Application</Name><NameNew>cutepdf writer</NameNew></presion><presion><Type>1</Type><Name>Ace Translator</Name></presion><presion><Type>1</Type><Name>Freemake Audio Converter</Name></presion><presion><Type>1</Type><Name>start menu 8</Name></presion><presion><Type>1</Type><Name>atube catcher</Name></presion><presion><Type>1</Type><Name>iobit malware fighter</Name></presion><presion><Type>1</Type><Name>ccleaner</Name></presion><presion><Type>1</Type><Name>cutepdf writer</Name></presion><presion><Type>1</Type><Name>defraggler</Name></presion><presion><Type>1</Type><Name>recuva</Name></presion><presion><Type>1</Type><Name>speccy</Name></presion><presion><Type>1</Type><Name>fbackup</Name></presion><presion><Type>1</Type><Name>aida64 extreme edition</Name></presion><presion><Type>1</Type><Name>speedbit video accelerator</Name></presion><presion><Type>1</Type><Name>driver booster</Name></presion><presion><Type>1</Type><Name>smart defrag</Name></presion><presion><Type>1</Type><Name>wise registry cleaner</Name></presion><presion><Type>1</Type><Name>vuze</Name></presion><presion><Type>1</Type><Name>TomTom HOME</Name></presion><presion><Type>4</Type><Name>Q-Dir</Name></presion><presion><Type>1</Type><Name>postgresql</Name></presion><presion><Type>2</Type><Name>editplus</Name></presion><presion><Type>2</Type><Name>cursorfx</Name></presion><presion><Type>1</Type><Name>freemake video converter</Name></presion><presion><Type>3</Type><Name>PhotoScape</Name><Version>1.0.0.130</Version><Rversion>3.6.5</Rversion></presion><presion><Type>3</Type><Name>TeraCopy</Name><Version>2.3</Version><Rversion>2.30</Rversion></presion><presion><Type>4</Type><Name>WordWeb</Name></presion><presion><Type>4</Type><Name>Rainlendar</Name></presion><presion><Type>4</Type><Name>opera</Name></presion><presion><Type>4</Type><Name>ashampoo burning studio</Name></presion><presion><Type>4</Type><Name>avant browser</Name></presion><presion><Type>4</Type><Name>teracopy</Name></presion><presion><Type>4</Type><Name>windows live messenger</Name></presion><presion><Type>4</Type><Name>PhotoScape</Name></presion><presion><Type>4</Type><Name>comodo firewall</Name></presion><presion><Type>4</Type><Name>mypc backup</Name></presion><presion><Type>4</Type><Name>core ftp le</Name></presion><presion><Type>4</Type><Name>Steam</Name></presion><presion><Type>4</Type><Name>Origin</Name></presion><presion><Type>4</Type><Name>CyberLink PowerDVD</Name></presion><presion><Type>4</Type><Name>Ma-Config.com</Name></presion><presion><Type>4</Type><Name>PDF-Viewer</Name></presion><presion><Type>4</Type><Name>Winamp</Name></presion><presion><Type>4</Type><Name>PhotoFiltre</Name></presion><presion><Type>4</Type><Name>iobit uninstaller</Name></presion><presion><Type>4</Type><Name>LastPass</Name></presion><presion><Type>4</Type><Name>hp wireless assistant</Name></presion><presion><Type>4</Type><Name>cyberlink youcam</Name></presion><presion><Type>4</Type><Name>slimdrivers</Name></presion><presion><Type>4</Type><Name>cyberlink power2go</Name></presion><presion><Type>4</Type><Name>acdsee</Name></presion></SoftwareUpdate>