<?xml version="1.0" encoding="utf-8" ?>

<helpItems xmlns="http://msh" schema="maml">
<command:command xmlns:maml="http://schemas.microsoft.com/maml/2004/10" xmlns:command="http://schemas.microsoft.com/maml/dev/command/2004/10" xmlns:dev="http://schemas.microsoft.com/maml/dev/2004/10" xmlns:MSHelp="http://msdn.microsoft.com/mshelp"><command:details><command:name>Copy-DartImage</command:name><maml:description><maml:para>Copy-DartImage burns a disk image (.iso) to a CD, DVD or USB drive.</maml:para></maml:description><maml:copyright><maml:para /></maml:copyright><command:verb>Copy</command:verb><command:noun>DartImage</command:noun><dev:version /></command:details><maml:description><maml:para>The Copy-DartImage cmdlet burns a DaRT disk image (.iso) to a writable CD, DVD or USB drive. The DaRT image must be a disk image prepared by the Export-DartImage cmdlet. Copy-DartImage does not delete the source ISO file.
</maml:para><maml:para>After running this command, the CD, DVD, or USB is bootable media. Copy-DartImage only supports the .iso file format.
</maml:para></maml:description><command:syntax><command:syntaxItem><maml:name>Copy-DartImage</maml:name><command:parameter required="true" variableLength="false" globbing="false" pipelineInput="false" position="1" aliases=""><maml:name>IsoPath</maml:name><maml:description><maml:para>Specifies the location of the USB, CD, or DVD drive where the drive image (.iso) will be copied.
</maml:para></maml:description><command:parameterValue required="true" variableLength="false">String</command:parameterValue></command:parameter><command:parameter required="true" variableLength="false" globbing="false" pipelineInput="false" position="2" aliases=""><maml:name>Drive</maml:name><maml:description><maml:para>Specifies the drive letter of the writable USB, CD, or DVD drive where the DaRT image will be copied. After copying the file, the media can be used to boot a computer.
</maml:para></maml:description><command:parameterValue required="true" variableLength="false">String</command:parameterValue></command:parameter><command:parameter required="false" variableLength="false" globbing="false" pipelineInput="false" position="named" aliases=""><maml:name>Force</maml:name><maml:description><maml:para>If the DriveType is USB, this parameter will reformat the USB drive as bootable media if necessary without prompting the user.
</maml:para></maml:description><command:parameterValue required="false" variableLength="false">SwitchParameter</command:parameterValue></command:parameter><command:parameter required="false" variableLength="false" globbing="false" pipelineInput="false" position="named" aliases=""><maml:name>PassThru</maml:name><maml:description><maml:para>Returns a DriveInfo object for the drive to which the disk image (.iso) was copied. By default, this cmdlet generates no output.
</maml:para></maml:description><command:parameterValue required="false" variableLength="false">SwitchParameter</command:parameterValue></command:parameter><command:parameter required="false" variableLength="false" globbing="false" pipelineInput="false" position="named" aliases=""><maml:name>ValidateOnly</maml:name><maml:description><maml:para>Tests the destination path of the disk image .iso to ensure it is valid.
</maml:para></maml:description><command:parameterValue required="false" variableLength="false">SwitchParameter</command:parameterValue></command:parameter><command:parameter required="true" variableLength="false" globbing="false" pipelineInput="false" position="named" aliases=""><maml:name>DriveType</maml:name><maml:description><maml:para>Specifies to what drive type (DVD or USB) the DaRT image will be copied.
</maml:para></maml:description><command:parameterValue required="true" variableLength="false">DriveType</command:parameterValue></command:parameter><command:parameter required="false" variableLength="true" globbing="false" pipelineInput="false" position="named"><maml:name>Confirm</maml:name><maml:description><maml:para>Prompts you for confirmation before executing the command.</maml:para></maml:description><command:parameterValue required="false" variableLength="false">SwitchParameter</command:parameterValue><dev:type><maml:name>SwitchParameter</maml:name><maml:uri /></dev:type></command:parameter><command:parameter required="false" variableLength="true" globbing="false" pipelineInput="false" position="named"><maml:name>WhatIf</maml:name><maml:description><maml:para>Describes what would happen if you executed the command without actually executing the command.</maml:para></maml:description><command:parameterValue required="false" variableLength="false">SwitchParameter</command:parameterValue><dev:type><maml:name>SwitchParameter</maml:name><maml:uri /></dev:type></command:parameter></command:syntaxItem></command:syntax><command:parameters><command:parameter required="true" variableLength="false" globbing="false" pipelineInput="false" position="2" aliases=""><maml:name>Drive</maml:name><maml:description><maml:para>Specifies the drive letter of the writable USB, CD, or DVD drive where the DaRT image will be copied. After copying the file, the media can be used to boot a computer.
</maml:para></maml:description><command:parameterValue required="true" variableLength="false">String</command:parameterValue><dev:type><maml:name>String</maml:name><maml:uri /></dev:type><dev:defaultValue></dev:defaultValue></command:parameter><command:parameter required="true" variableLength="false" globbing="false" pipelineInput="false" position="named" aliases=""><maml:name>DriveType</maml:name><maml:description><maml:para>Specifies to what drive type (DVD or USB) the DaRT image will be copied.
</maml:para></maml:description><command:parameterValue required="true" variableLength="false">DriveType</command:parameterValue><dev:type><maml:name>DriveType</maml:name><maml:uri /></dev:type><dev:defaultValue>DVD</dev:defaultValue></command:parameter><command:parameter required="false" variableLength="false" globbing="false" pipelineInput="false" position="named" aliases=""><maml:name>PassThru</maml:name><maml:description><maml:para>Returns a DriveInfo object for the drive to which the disk image (.iso) was copied. By default, this cmdlet generates no output.
</maml:para></maml:description><command:parameterValue required="false" variableLength="false">SwitchParameter</command:parameterValue><dev:type><maml:name>SwitchParameter</maml:name><maml:uri /></dev:type><dev:defaultValue></dev:defaultValue></command:parameter><command:parameter required="false" variableLength="false" globbing="false" pipelineInput="false" position="named" aliases=""><maml:name>Force</maml:name><maml:description><maml:para>If the DriveType is USB, this parameter will reformat the USB drive as bootable media if necessary without prompting the user.
</maml:para></maml:description><command:parameterValue required="false" variableLength="false">SwitchParameter</command:parameterValue><dev:type><maml:name>SwitchParameter</maml:name><maml:uri /></dev:type><dev:defaultValue></dev:defaultValue></command:parameter><command:parameter required="true" variableLength="false" globbing="false" pipelineInput="false" position="1" aliases=""><maml:name>IsoPath</maml:name><maml:description><maml:para>Specifies the location of the USB, CD, or DVD drive where the drive image (.iso) will be copied.
</maml:para></maml:description><command:parameterValue required="true" variableLength="false">String</command:parameterValue><dev:type><maml:name>String</maml:name><maml:uri /></dev:type><dev:defaultValue></dev:defaultValue></command:parameter><command:parameter required="false" variableLength="false" globbing="false" pipelineInput="false" position="named" aliases=""><maml:name>ValidateOnly</maml:name><maml:description><maml:para>Tests the destination path of the disk image .iso to ensure it is valid.
</maml:para></maml:description><command:parameterValue required="false" variableLength="false">SwitchParameter</command:parameterValue><dev:type><maml:name>SwitchParameter</maml:name><maml:uri /></dev:type><dev:defaultValue></dev:defaultValue></command:parameter><command:parameter required="false" variableLength="true" globbing="false" pipelineInput="false" position="named"><maml:name>Confirm</maml:name><maml:description><maml:para>Prompts you for confirmation before executing the command.</maml:para></maml:description><command:parameterValue required="false" variableLength="false">SwitchParameter</command:parameterValue><dev:type><maml:name>SwitchParameter</maml:name><maml:uri /></dev:type></command:parameter><command:parameter required="false" variableLength="true" globbing="false" pipelineInput="false" position="named"><maml:name>WhatIf</maml:name><maml:description><maml:para>Describes what would happen if you executed the command without actually executing the command.</maml:para></maml:description><command:parameterValue required="false" variableLength="false">SwitchParameter</command:parameterValue><dev:type><maml:name>SwitchParameter</maml:name><maml:uri /></dev:type></command:parameter></command:parameters><command:inputTypes><command:inputType><dev:type><maml:name>System.String,Microsoft.DaRT.Commands.DriveType,System.String</maml:name><maml:uri></maml:uri><maml:description><maml:para /></maml:description></dev:type><maml:description><maml:para>

Type: System.String

Description: A string that represents a writable CD/DVD or USB drive

Drive Property System.String
</maml:para><maml:para>Type: Microsoft.DaRT.Commands.DriveType

Description: A class that represents a drive on the local machine

DriveType Property Microsoft.DaRT.Commands.DriveType
</maml:para><maml:para>Type: System.String

Description: A string that represents the path to a valid ISO file

Path Property System.String


</maml:para></maml:description></command:inputType></command:inputTypes><command:returnValues><command:returnValue><dev:type><maml:name>System.IO.DriveInfo</maml:name><maml:uri></maml:uri><maml:description><maml:para /></maml:description></dev:type><maml:description><maml:para>

Type: System.IO.DriveInfo

Description: A class that represents a drive on the local machine

When Output: Output when a valid Drive is given, the PassThru flag is set, and the command executes to success

DriveInfo Property System.IO.DriveInfo


</maml:para></maml:description></command:returnValue></command:returnValues><command:terminatingErrors /><command:nonTerminatingErrors /><maml:alertSet><maml:title /><maml:alert><maml:para>The Copy-DartImage cmdlet is designed to work with an ISO created by Export-DartImage.


</maml:para></maml:alert><maml:alert></maml:alert></maml:alertSet><command:examples><command:example><maml:title> 
-------------------------- EXAMPLE 1 -------------------------- 
</maml:title><maml:introduction><maml:para></maml:para></maml:introduction><dev:code>C:\PS&gt;Copy-DartImage -Drive D: -DriveType Dvd -IsoPath C:\dart.iso

</dev:code><dev:remarks><maml:para>Description
</maml:para><maml:para>-----------
</maml:para><maml:para>This command burns the disk image (.iso) file located at C:\dartimage.iso to a DVD in the D:\ drive.
</maml:para></dev:remarks><command:commandLines><command:commandLine><command:commandText /></command:commandLine></command:commandLines></command:example><command:example><maml:title> 
-------------------------- EXAMPLE 2 -------------------------- 
</maml:title><maml:introduction><maml:para></maml:para></maml:introduction><dev:code>C:\PS&gt;Copy-DartImage -Drive D: -DriveType Dvd -IsoPath C:\dart.iso -PassThru

A DriveInfo object representing the D: drive.

</dev:code><dev:remarks><maml:para>Description
</maml:para><maml:para>-----------
</maml:para><maml:para>Burns the disk image (.iso) file located at C:\dartimage.iso to a DVD in the D:\ drive and returns the DriveInfo object.
</maml:para></dev:remarks><command:commandLines><command:commandLine><command:commandText /></command:commandLine></command:commandLines></command:example><command:example><maml:title> 
-------------------------- EXAMPLE 3 -------------------------- 
</maml:title><maml:introduction><maml:para></maml:para></maml:introduction><dev:code>C:\PS&gt;
</dev:code><dev:remarks><maml:para>Description
</maml:para><maml:para>-----------
</maml:para></dev:remarks><command:commandLines><command:commandLine><command:commandText /></command:commandLine></command:commandLines></command:example></command:examples><maml:relatedLinks><maml:navigationLink><maml:linkText>Export-DartImage</maml:linkText><maml:uri /></maml:navigationLink><maml:navigationLink><maml:linkText>New-DartConfiguration</maml:linkText><maml:uri /></maml:navigationLink><maml:navigationLink><maml:linkText>Set-DartImage</maml:linkText><maml:uri /></maml:navigationLink></maml:relatedLinks></command:command><command:command xmlns:maml="http://schemas.microsoft.com/maml/2004/10" xmlns:command="http://schemas.microsoft.com/maml/dev/command/2004/10" xmlns:dev="http://schemas.microsoft.com/maml/dev/2004/10" xmlns:MSHelp="http://msdn.microsoft.com/mshelp"><command:details><command:name>Export-DartImage</command:name><maml:description><maml:para>This cmdlet allows the source Windows image (.wim) file that contains a Dart image to be converted into a disk image (.iso) file.</maml:para></maml:description><maml:copyright><maml:para /></maml:copyright><command:verb>Export</command:verb><command:noun>DartImage</command:noun><dev:version /></command:details><maml:description><maml:para>The Export-DartImage cmdlet exports the contents of the DaRT Windows image (.wim) file to the disk image (.iso) format. You can use this command to convert a DaRT image so it can be burned to CD, DVD, or USB with the Copy-DartImage cmdlet.
</maml:para></maml:description><command:syntax><command:syntaxItem><maml:name>Export-DartImage</maml:name><command:parameter required="true" variableLength="false" globbing="false" pipelineInput="true (ByPropertyName)" position="1" aliases=""><maml:name>ImagePath</maml:name><maml:description><maml:para>Path to the source WIM file
</maml:para></maml:description><command:parameterValue required="true" variableLength="false">String</command:parameterValue></command:parameter><command:parameter required="true" variableLength="false" globbing="false" pipelineInput="true (ByPropertyName)" position="2" aliases=""><maml:name>IsoPath</maml:name><maml:description><maml:para>Path to the output .iso file
</maml:para></maml:description><command:parameterValue required="true" variableLength="false">String</command:parameterValue></command:parameter><command:parameter required="false" variableLength="false" globbing="false" pipelineInput="false" position="named" aliases=""><maml:name>Force</maml:name><maml:description><maml:para>Clear the read-only attribute of the output file if necessary. The cmdlet will attempt to reset the read-only attribute when the command completes.
</maml:para></maml:description><command:parameterValue required="false" variableLength="false">SwitchParameter</command:parameterValue></command:parameter><command:parameter required="false" variableLength="false" globbing="false" pipelineInput="false" position="named" aliases=""><maml:name>NoClobber</maml:name><maml:description><maml:para>Ensures that the cmdlet does not overwrite the contents of an existing file. By default, if a file exists in the specified path, Export-DartConfiguration overwrites the file without warning.
</maml:para></maml:description><command:parameterValue required="false" variableLength="false">SwitchParameter</command:parameterValue></command:parameter><command:parameter required="false" variableLength="false" globbing="false" pipelineInput="false" position="named" aliases=""><maml:name>PassThru</maml:name><maml:description><maml:para>Returns a FileInfo object representing the ISO that was created. By default, this cmdlet generates no output.
</maml:para></maml:description><command:parameterValue required="false" variableLength="false">SwitchParameter</command:parameterValue></command:parameter><command:parameter required="false" variableLength="true" globbing="false" pipelineInput="false" position="named"><maml:name>Confirm</maml:name><maml:description><maml:para>Prompts you for confirmation before executing the command.</maml:para></maml:description><command:parameterValue required="false" variableLength="false">SwitchParameter</command:parameterValue><dev:type><maml:name>SwitchParameter</maml:name><maml:uri /></dev:type></command:parameter><command:parameter required="false" variableLength="true" globbing="false" pipelineInput="false" position="named"><maml:name>WhatIf</maml:name><maml:description><maml:para>Describes what would happen if you executed the command without actually executing the command.</maml:para></maml:description><command:parameterValue required="false" variableLength="false">SwitchParameter</command:parameterValue><dev:type><maml:name>SwitchParameter</maml:name><maml:uri /></dev:type></command:parameter></command:syntaxItem></command:syntax><command:parameters><command:parameter required="false" variableLength="false" globbing="false" pipelineInput="false" position="named" aliases=""><maml:name>Force</maml:name><maml:description><maml:para>Clear the read-only attribute of the output file if necessary. The cmdlet will attempt to reset the read-only attribute when the command completes.
</maml:para></maml:description><command:parameterValue required="false" variableLength="false">SwitchParameter</command:parameterValue><dev:type><maml:name>SwitchParameter</maml:name><maml:uri /></dev:type><dev:defaultValue></dev:defaultValue></command:parameter><command:parameter required="true" variableLength="false" globbing="false" pipelineInput="true (ByPropertyName)" position="1" aliases=""><maml:name>ImagePath</maml:name><maml:description><maml:para>Path to the source WIM file
</maml:para></maml:description><command:parameterValue required="true" variableLength="false">String</command:parameterValue><dev:type><maml:name>String</maml:name><maml:uri /></dev:type><dev:defaultValue></dev:defaultValue></command:parameter><command:parameter required="true" variableLength="false" globbing="false" pipelineInput="true (ByPropertyName)" position="2" aliases=""><maml:name>IsoPath</maml:name><maml:description><maml:para>Path to the output .iso file
</maml:para></maml:description><command:parameterValue required="true" variableLength="false">String</command:parameterValue><dev:type><maml:name>String</maml:name><maml:uri /></dev:type><dev:defaultValue></dev:defaultValue></command:parameter><command:parameter required="false" variableLength="false" globbing="false" pipelineInput="false" position="named" aliases=""><maml:name>NoClobber</maml:name><maml:description><maml:para>Ensures that the cmdlet does not overwrite the contents of an existing file. By default, if a file exists in the specified path, Export-DartConfiguration overwrites the file without warning.
</maml:para></maml:description><command:parameterValue required="false" variableLength="false">SwitchParameter</command:parameterValue><dev:type><maml:name>SwitchParameter</maml:name><maml:uri /></dev:type><dev:defaultValue></dev:defaultValue></command:parameter><command:parameter required="false" variableLength="false" globbing="false" pipelineInput="false" position="named" aliases=""><maml:name>PassThru</maml:name><maml:description><maml:para>Returns a FileInfo object representing the ISO that was created. By default, this cmdlet generates no output.
</maml:para></maml:description><command:parameterValue required="false" variableLength="false">SwitchParameter</command:parameterValue><dev:type><maml:name>SwitchParameter</maml:name><maml:uri /></dev:type><dev:defaultValue></dev:defaultValue></command:parameter><command:parameter required="false" variableLength="true" globbing="false" pipelineInput="false" position="named"><maml:name>Confirm</maml:name><maml:description><maml:para>Prompts you for confirmation before executing the command.</maml:para></maml:description><command:parameterValue required="false" variableLength="false">SwitchParameter</command:parameterValue><dev:type><maml:name>SwitchParameter</maml:name><maml:uri /></dev:type></command:parameter><command:parameter required="false" variableLength="true" globbing="false" pipelineInput="false" position="named"><maml:name>WhatIf</maml:name><maml:description><maml:para>Describes what would happen if you executed the command without actually executing the command.</maml:para></maml:description><command:parameterValue required="false" variableLength="false">SwitchParameter</command:parameterValue><dev:type><maml:name>SwitchParameter</maml:name><maml:uri /></dev:type></command:parameter></command:parameters><command:inputTypes><command:inputType><dev:type><maml:name>System.String,System.String</maml:name><maml:uri></maml:uri><maml:description><maml:para /></maml:description></dev:type><maml:description><maml:para>

Type: System.String

Description: A string that represents the input WIM filename

WimPath Property System.String
</maml:para><maml:para>Type: System.String

Description: A string that represents the output ISO filename

IsoPath Property System.String


</maml:para></maml:description></command:inputType></command:inputTypes><command:returnValues><command:returnValue><dev:type><maml:name>System.IO.FileInfo</maml:name><maml:uri></maml:uri><maml:description><maml:para /></maml:description></dev:type><maml:description><maml:para>

Type: System.IO.FileInfo

Description: A class that represents the ISO file on the local computer

When Output: Output when the PassThru flag is set, and the command executes to success

FileInfo Property System.IO.FileInfo


</maml:para></maml:description></command:returnValue></command:returnValues><command:terminatingErrors /><command:nonTerminatingErrors /><maml:alertSet><maml:title /><maml:alert><maml:para>The Export-DartImage cmdlet captures the data in a Windows image (.wim) file and save it in the disk image (.iso) format. You can use Export-DartImage to save a DaRT image and then use Copy-DartImage to burn a CD, DVD, or USB.
</maml:para><maml:para>This command may take several minutes to complete.


</maml:para></maml:alert><maml:alert></maml:alert></maml:alertSet><command:examples><command:example><maml:title> 
-------------------------- EXAMPLE 1 -------------------------- 
</maml:title><maml:introduction><maml:para></maml:para></maml:introduction><dev:code>C:\PS&gt;Export-DartImage -ImagePath C:\boot.wim -IsoPath C:\dart.iso

</dev:code><dev:remarks><maml:para>Description
</maml:para><maml:para>-----------
</maml:para><maml:para>This command exports the DaRT Windows image (.wim) file to a drive image (.iso) file. This will overwrite any .iso file already present.
</maml:para></dev:remarks><command:commandLines><command:commandLine><command:commandText /></command:commandLine></command:commandLines></command:example><command:example><maml:title> 
-------------------------- EXAMPLE 2 -------------------------- 
</maml:title><maml:introduction><maml:para></maml:para></maml:introduction><dev:code>C:\PS&gt;Export-DartImage -ImagePath C:\boot.wim -IsoPath C:\dart.iso -NoClobber

</dev:code><dev:remarks><maml:para>Description
</maml:para><maml:para>-----------
</maml:para><maml:para>Exports the DaRT Windows image (.wim) file to a disk image (.iso) file. The NoClobber switch prevents the cmdlet from overwriting an existing file.
</maml:para></dev:remarks><command:commandLines><command:commandLine><command:commandText /></command:commandLine></command:commandLines></command:example></command:examples><maml:relatedLinks><maml:navigationLink><maml:linkText>Copy-DartImage</maml:linkText><maml:uri /></maml:navigationLink><maml:navigationLink><maml:linkText>New-DartConfiguration</maml:linkText><maml:uri /></maml:navigationLink><maml:navigationLink><maml:linkText>Set-DartImage</maml:linkText><maml:uri /></maml:navigationLink></maml:relatedLinks></command:command><command:command xmlns:maml="http://schemas.microsoft.com/maml/2004/10" xmlns:command="http://schemas.microsoft.com/maml/dev/command/2004/10" xmlns:dev="http://schemas.microsoft.com/maml/dev/2004/10" xmlns:MSHelp="http://msdn.microsoft.com/mshelp"><command:details><command:name>New-DartConfiguration</command:name><maml:description><maml:para>Creates a DaRT configuration object needed to apply the DaRT toolset to a Windows image. </maml:para></maml:description><maml:copyright><maml:para /></maml:copyright><command:verb>New</command:verb><command:noun>DartConfiguration</command:noun><dev:version /></command:details><maml:description><maml:para>The New-DartConfiguration cmdlet creates the DaRT configuration object needed to apply the DaRT toolset to a Windows image.
</maml:para><maml:para>Use this cmdlet to define which tools will be available and how the DaRT image will be configured. Use the Set-DartImage cmdlet to apply a DaRT configuration to a Windows image.
</maml:para><maml:para>To add all DaRT tools to the image, specify the AddAllTools parameter. Otherwise specify each tool you want to add.
</maml:para></maml:description><command:syntax><command:syntaxItem><maml:name>New-DartConfiguration</maml:name><command:parameter required="false" variableLength="false" globbing="false" pipelineInput="true (ByPropertyName)" position="named" aliases=""><maml:name>AddAllTools</maml:name><maml:description><maml:para>Adds all tools to a DartConfiguration object.
</maml:para></maml:description><command:parameterValue required="false" variableLength="false">SwitchParameter</command:parameterValue></command:parameter><command:parameter required="false" variableLength="false" globbing="false" pipelineInput="true (ByPropertyName)" position="named" aliases=""><maml:name>AddComputerManagement</maml:name><maml:description><maml:para>Adds the Computer Management tool to a DartConfiguration object
</maml:para></maml:description><command:parameterValue required="false" variableLength="false">SwitchParameter</command:parameterValue></command:parameter><command:parameter required="false" variableLength="false" globbing="false" pipelineInput="true (ByPropertyName)" position="named" aliases=""><maml:name>AddCrashAnalyzer</maml:name><maml:description><maml:para>Adds the Crash Analyzer tool to a DartConfiguration object
</maml:para></maml:description><command:parameterValue required="false" variableLength="false">SwitchParameter</command:parameterValue></command:parameter><command:parameter required="false" variableLength="false" globbing="false" pipelineInput="true (ByPropertyName)" position="named" aliases=""><maml:name>AddDiskCommander</maml:name><maml:description><maml:para>Adds the Disk Commander tool to a DartConfiguration object
</maml:para></maml:description><command:parameterValue required="false" variableLength="false">SwitchParameter</command:parameterValue></command:parameter><command:parameter required="false" variableLength="false" globbing="false" pipelineInput="true (ByPropertyName)" position="named" aliases=""><maml:name>AddDiskWipe</maml:name><maml:description><maml:para>Adds the Disk Wipe tool to a DartConfiguration object
</maml:para></maml:description><command:parameterValue required="false" variableLength="false">SwitchParameter</command:parameterValue></command:parameter><command:parameter required="false" variableLength="false" globbing="false" pipelineInput="true (ByPropertyName)" position="named" aliases=""><maml:name>AddExplorer</maml:name><maml:description><maml:para>Adds the Explorer tool to a DartConfiguration object
</maml:para></maml:description><command:parameterValue required="false" variableLength="false">SwitchParameter</command:parameterValue></command:parameter><command:parameter required="false" variableLength="false" globbing="false" pipelineInput="false" position="named" aliases=""><maml:name>AddFileRestore</maml:name><maml:description><maml:para>Adds the File Restore tool to a DartConfiguration object
</maml:para></maml:description><command:parameterValue required="false" variableLength="false">SwitchParameter</command:parameterValue></command:parameter><command:parameter required="false" variableLength="false" globbing="false" pipelineInput="false" position="named" aliases=""><maml:name>AddFileSearch</maml:name><maml:description><maml:para>Adds the File Search tool to a DartConfiguration object
</maml:para></maml:description><command:parameterValue required="false" variableLength="false">SwitchParameter</command:parameterValue></command:parameter><command:parameter required="false" variableLength="false" globbing="false" pipelineInput="true (ByPropertyName)" position="named" aliases=""><maml:name>AddHotfixUninstall</maml:name><maml:description><maml:para>Adds the Hotfix Uninstall tool to a DartConfiguration object
</maml:para></maml:description><command:parameterValue required="false" variableLength="false">SwitchParameter</command:parameterValue></command:parameter><command:parameter required="false" variableLength="false" globbing="false" pipelineInput="true (ByPropertyName)" position="named" aliases=""><maml:name>AddLocksmith</maml:name><maml:description><maml:para>Adds the Locksmith tool to a DartConfiguration object
</maml:para></maml:description><command:parameterValue required="false" variableLength="false">SwitchParameter</command:parameterValue></command:parameter><command:parameter required="false" variableLength="false" globbing="false" pipelineInput="false" position="named" aliases=""><maml:name>AddRegistryEditor</maml:name><maml:description><maml:para>Adds the Registry Editor tool to a DartConfiguration object
</maml:para></maml:description><command:parameterValue required="false" variableLength="false">SwitchParameter</command:parameterValue></command:parameter><command:parameter required="false" variableLength="false" globbing="false" pipelineInput="false" position="named" aliases=""><maml:name>AddRemoteConnection</maml:name><maml:description><maml:para>Adds the Remote Connection tool to a DartConfiguration object
</maml:para></maml:description><command:parameterValue required="false" variableLength="false">SwitchParameter</command:parameterValue></command:parameter><command:parameter required="false" variableLength="false" globbing="false" pipelineInput="true (ByPropertyName)" position="named" aliases=""><maml:name>AddSfcScan</maml:name><maml:description><maml:para>Adds the SFC Scan tool to a DartConfiguration object
</maml:para></maml:description><command:parameterValue required="false" variableLength="false">SwitchParameter</command:parameterValue></command:parameter><command:parameter required="false" variableLength="false" globbing="false" pipelineInput="false" position="named" aliases=""><maml:name>AddSolutionWizard</maml:name><maml:description><maml:para>Adds the Solution Wizard tool to a DartConfiguration object
</maml:para></maml:description><command:parameterValue required="false" variableLength="false">SwitchParameter</command:parameterValue></command:parameter><command:parameter required="false" variableLength="false" globbing="false" pipelineInput="true (ByPropertyName)" position="named" aliases=""><maml:name>AddTcpConfig</maml:name><maml:description><maml:para>Adds the TCP Config tool to a DartConfiguration object
</maml:para></maml:description><command:parameterValue required="false" variableLength="false">SwitchParameter</command:parameterValue></command:parameter><command:parameter required="false" variableLength="false" globbing="false" pipelineInput="true (ByPropertyName)" position="named" aliases=""><maml:name>DebugToolsPath</maml:name><maml:description><maml:para>Adds a path for the debug tools to the DartConfiguration object
</maml:para></maml:description><command:parameterValue required="true" variableLength="false">String</command:parameterValue></command:parameter><command:parameter required="false" variableLength="false" globbing="false" pipelineInput="true (ByPropertyName)" position="named" aliases=""><maml:name>RemoteMessage</maml:name><maml:description><maml:para>Adds a Remote Connection message to a DartConfiguration object
</maml:para></maml:description><command:parameterValue required="true" variableLength="false">String</command:parameterValue></command:parameter><command:parameter required="false" variableLength="false" globbing="false" pipelineInput="true (ByPropertyName)" position="named" aliases=""><maml:name>RemotePort</maml:name><maml:description><maml:para>Specifies the Remote Connection port to a DartConfiguration object
</maml:para></maml:description><command:parameterValue required="true" variableLength="false">Int32</command:parameterValue></command:parameter><command:parameter required="false" variableLength="false" globbing="false" pipelineInput="true (ByPropertyName)" position="named" aliases=""><maml:name>ScratchSpace</maml:name><maml:description><maml:para>Specifies the amount of additional writeable memory on the system disk. The size can be any one of the following values in MB: 32, 64, 128, 256 and 512.
</maml:para></maml:description><command:parameterValue required="false" variableLength="false">SwitchParameter</command:parameterValue></command:parameter></command:syntaxItem><command:syntaxItem><maml:name>New-DartConfiguration</maml:name><command:parameter required="false" variableLength="false" globbing="false" pipelineInput="true (ByPropertyName)" position="named" aliases=""><maml:name>AddAllTools</maml:name><maml:description><maml:para>Adds all tools to a DartConfiguration object.
</maml:para></maml:description><command:parameterValue required="false" variableLength="false">SwitchParameter</command:parameterValue></command:parameter><command:parameter required="false" variableLength="false" globbing="false" pipelineInput="true (ByPropertyName)" position="named" aliases=""><maml:name>AddComputerManagement</maml:name><maml:description><maml:para>Adds the Computer Management tool to a DartConfiguration object
</maml:para></maml:description><command:parameterValue required="false" variableLength="false">SwitchParameter</command:parameterValue></command:parameter><command:parameter required="false" variableLength="false" globbing="false" pipelineInput="true (ByPropertyName)" position="named" aliases=""><maml:name>AddCrashAnalyzer</maml:name><maml:description><maml:para>Adds the Crash Analyzer tool to a DartConfiguration object
</maml:para></maml:description><command:parameterValue required="false" variableLength="false">SwitchParameter</command:parameterValue></command:parameter><command:parameter required="false" variableLength="false" globbing="false" pipelineInput="true (ByPropertyName)" position="named" aliases=""><maml:name>AddDiskCommander</maml:name><maml:description><maml:para>Adds the Disk Commander tool to a DartConfiguration object
</maml:para></maml:description><command:parameterValue required="false" variableLength="false">SwitchParameter</command:parameterValue></command:parameter><command:parameter required="false" variableLength="false" globbing="false" pipelineInput="true (ByPropertyName)" position="named" aliases=""><maml:name>AddDiskWipe</maml:name><maml:description><maml:para>Adds the Disk Wipe tool to a DartConfiguration object
</maml:para></maml:description><command:parameterValue required="false" variableLength="false">SwitchParameter</command:parameterValue></command:parameter><command:parameter required="false" variableLength="false" globbing="false" pipelineInput="true (ByPropertyName)" position="named" aliases=""><maml:name>AddExplorer</maml:name><maml:description><maml:para>Adds the Explorer tool to a DartConfiguration object
</maml:para></maml:description><command:parameterValue required="false" variableLength="false">SwitchParameter</command:parameterValue></command:parameter><command:parameter required="false" variableLength="false" globbing="false" pipelineInput="true (ByPropertyName)" position="named" aliases=""><maml:name>AddHotfixUninstall</maml:name><maml:description><maml:para>Adds the Hotfix Uninstall tool to a DartConfiguration object
</maml:para></maml:description><command:parameterValue required="false" variableLength="false">SwitchParameter</command:parameterValue></command:parameter><command:parameter required="false" variableLength="false" globbing="false" pipelineInput="true (ByPropertyName)" position="named" aliases=""><maml:name>AddLocksmith</maml:name><maml:description><maml:para>Adds the Locksmith tool to a DartConfiguration object
</maml:para></maml:description><command:parameterValue required="false" variableLength="false">SwitchParameter</command:parameterValue></command:parameter><command:parameter required="false" variableLength="false" globbing="false" pipelineInput="true (ByPropertyName)" position="named" aliases=""><maml:name>AddSfcScan</maml:name><maml:description><maml:para>Adds the SFC Scan tool to a DartConfiguration object
</maml:para></maml:description><command:parameterValue required="false" variableLength="false">SwitchParameter</command:parameterValue></command:parameter><command:parameter required="false" variableLength="false" globbing="false" pipelineInput="true (ByPropertyName)" position="named" aliases=""><maml:name>AddTcpConfig</maml:name><maml:description><maml:para>Adds the TCP Config tool to a DartConfiguration object
</maml:para></maml:description><command:parameterValue required="false" variableLength="false">SwitchParameter</command:parameterValue></command:parameter><command:parameter required="false" variableLength="false" globbing="false" pipelineInput="true (ByPropertyName)" position="named" aliases=""><maml:name>DebugToolsPath</maml:name><maml:description><maml:para>Adds a path for the debug tools to the DartConfiguration object
</maml:para></maml:description><command:parameterValue required="true" variableLength="false">String</command:parameterValue></command:parameter><command:parameter required="false" variableLength="false" globbing="false" pipelineInput="true (ByPropertyName)" position="named" aliases=""><maml:name>RemoteMessage</maml:name><maml:description><maml:para>Adds a Remote Connection message to a DartConfiguration object
</maml:para></maml:description><command:parameterValue required="true" variableLength="false">String</command:parameterValue></command:parameter><command:parameter required="false" variableLength="false" globbing="false" pipelineInput="true (ByPropertyName)" position="named" aliases=""><maml:name>RemotePort</maml:name><maml:description><maml:para>Specifies the Remote Connection port to a DartConfiguration object
</maml:para></maml:description><command:parameterValue required="true" variableLength="false">Int32</command:parameterValue></command:parameter><command:parameter required="false" variableLength="false" globbing="false" pipelineInput="true (ByPropertyName)" position="named" aliases=""><maml:name>ScratchSpace</maml:name><maml:description><maml:para>Specifies the amount of additional writeable memory on the system disk. The size can be any one of the following values in MB: 32, 64, 128, 256 and 512.
</maml:para></maml:description><command:parameterValue required="false" variableLength="false">SwitchParameter</command:parameterValue></command:parameter></command:syntaxItem></command:syntax><command:parameters><command:parameter required="false" variableLength="false" globbing="false" pipelineInput="true (ByPropertyName)" position="named" aliases=""><maml:name>AddAllTools</maml:name><maml:description><maml:para>Adds all tools to a DartConfiguration object.
</maml:para></maml:description><command:parameterValue required="false" variableLength="false">SwitchParameter</command:parameterValue><dev:type><maml:name>SwitchParameter</maml:name><maml:uri /></dev:type><dev:defaultValue></dev:defaultValue></command:parameter><command:parameter required="false" variableLength="false" globbing="false" pipelineInput="true (ByPropertyName)" position="named" aliases=""><maml:name>AddComputerManagement</maml:name><maml:description><maml:para>Adds the Computer Management tool to a DartConfiguration object
</maml:para></maml:description><command:parameterValue required="false" variableLength="false">SwitchParameter</command:parameterValue><dev:type><maml:name>SwitchParameter</maml:name><maml:uri /></dev:type><dev:defaultValue></dev:defaultValue></command:parameter><command:parameter required="false" variableLength="false" globbing="false" pipelineInput="true (ByPropertyName)" position="named" aliases=""><maml:name>AddCrashAnalyzer</maml:name><maml:description><maml:para>Adds the Crash Analyzer tool to a DartConfiguration object
</maml:para></maml:description><command:parameterValue required="false" variableLength="false">SwitchParameter</command:parameterValue><dev:type><maml:name>SwitchParameter</maml:name><maml:uri /></dev:type><dev:defaultValue></dev:defaultValue></command:parameter><command:parameter required="false" variableLength="false" globbing="false" pipelineInput="true (ByPropertyName)" position="named" aliases=""><maml:name>AddDiskCommander</maml:name><maml:description><maml:para>Adds the Disk Commander tool to a DartConfiguration object
</maml:para></maml:description><command:parameterValue required="false" variableLength="false">SwitchParameter</command:parameterValue><dev:type><maml:name>SwitchParameter</maml:name><maml:uri /></dev:type><dev:defaultValue></dev:defaultValue></command:parameter><command:parameter required="false" variableLength="false" globbing="false" pipelineInput="true (ByPropertyName)" position="named" aliases=""><maml:name>AddDiskWipe</maml:name><maml:description><maml:para>Adds the Disk Wipe tool to a DartConfiguration object
</maml:para></maml:description><command:parameterValue required="false" variableLength="false">SwitchParameter</command:parameterValue><dev:type><maml:name>SwitchParameter</maml:name><maml:uri /></dev:type><dev:defaultValue></dev:defaultValue></command:parameter><command:parameter required="false" variableLength="false" globbing="false" pipelineInput="true (ByPropertyName)" position="named" aliases=""><maml:name>AddExplorer</maml:name><maml:description><maml:para>Adds the Explorer tool to a DartConfiguration object
</maml:para></maml:description><command:parameterValue required="false" variableLength="false">SwitchParameter</command:parameterValue><dev:type><maml:name>SwitchParameter</maml:name><maml:uri /></dev:type><dev:defaultValue></dev:defaultValue></command:parameter><command:parameter required="false" variableLength="false" globbing="false" pipelineInput="false" position="named" aliases=""><maml:name>AddFileRestore</maml:name><maml:description><maml:para>Adds the File Restore tool to a DartConfiguration object
</maml:para></maml:description><command:parameterValue required="false" variableLength="false">SwitchParameter</command:parameterValue><dev:type><maml:name>SwitchParameter</maml:name><maml:uri /></dev:type><dev:defaultValue></dev:defaultValue></command:parameter><command:parameter required="false" variableLength="false" globbing="false" pipelineInput="false" position="named" aliases=""><maml:name>AddFileSearch</maml:name><maml:description><maml:para>Adds the File Search tool to a DartConfiguration object
</maml:para></maml:description><command:parameterValue required="false" variableLength="false">SwitchParameter</command:parameterValue><dev:type><maml:name>SwitchParameter</maml:name><maml:uri /></dev:type><dev:defaultValue></dev:defaultValue></command:parameter><command:parameter required="false" variableLength="false" globbing="false" pipelineInput="true (ByPropertyName)" position="named" aliases=""><maml:name>AddHotfixUninstall</maml:name><maml:description><maml:para>Adds the Hotfix Uninstall tool to a DartConfiguration object
</maml:para></maml:description><command:parameterValue required="false" variableLength="false">SwitchParameter</command:parameterValue><dev:type><maml:name>SwitchParameter</maml:name><maml:uri /></dev:type><dev:defaultValue></dev:defaultValue></command:parameter><command:parameter required="false" variableLength="false" globbing="false" pipelineInput="true (ByPropertyName)" position="named" aliases=""><maml:name>AddLocksmith</maml:name><maml:description><maml:para>Adds the Locksmith tool to a DartConfiguration object
</maml:para></maml:description><command:parameterValue required="false" variableLength="false">SwitchParameter</command:parameterValue><dev:type><maml:name>SwitchParameter</maml:name><maml:uri /></dev:type><dev:defaultValue></dev:defaultValue></command:parameter><command:parameter required="false" variableLength="false" globbing="false" pipelineInput="false" position="named" aliases=""><maml:name>AddRegistryEditor</maml:name><maml:description><maml:para>Adds the Registry Editor tool to a DartConfiguration object
</maml:para></maml:description><command:parameterValue required="false" variableLength="false">SwitchParameter</command:parameterValue><dev:type><maml:name>SwitchParameter</maml:name><maml:uri /></dev:type><dev:defaultValue></dev:defaultValue></command:parameter><command:parameter required="false" variableLength="false" globbing="false" pipelineInput="false" position="named" aliases=""><maml:name>AddRemoteConnection</maml:name><maml:description><maml:para>Adds the Remote Connection tool to a DartConfiguration object
</maml:para></maml:description><command:parameterValue required="false" variableLength="false">SwitchParameter</command:parameterValue><dev:type><maml:name>SwitchParameter</maml:name><maml:uri /></dev:type><dev:defaultValue></dev:defaultValue></command:parameter><command:parameter required="false" variableLength="false" globbing="false" pipelineInput="true (ByPropertyName)" position="named" aliases=""><maml:name>AddSfcScan</maml:name><maml:description><maml:para>Adds the SFC Scan tool to a DartConfiguration object
</maml:para></maml:description><command:parameterValue required="false" variableLength="false">SwitchParameter</command:parameterValue><dev:type><maml:name>SwitchParameter</maml:name><maml:uri /></dev:type><dev:defaultValue></dev:defaultValue></command:parameter><command:parameter required="false" variableLength="false" globbing="false" pipelineInput="false" position="named" aliases=""><maml:name>AddSolutionWizard</maml:name><maml:description><maml:para>Adds the Solution Wizard tool to a DartConfiguration object
</maml:para></maml:description><command:parameterValue required="false" variableLength="false">SwitchParameter</command:parameterValue><dev:type><maml:name>SwitchParameter</maml:name><maml:uri /></dev:type><dev:defaultValue></dev:defaultValue></command:parameter><command:parameter required="false" variableLength="false" globbing="false" pipelineInput="true (ByPropertyName)" position="named" aliases=""><maml:name>AddTcpConfig</maml:name><maml:description><maml:para>Adds the TCP Config tool to a DartConfiguration object
</maml:para></maml:description><command:parameterValue required="false" variableLength="false">SwitchParameter</command:parameterValue><dev:type><maml:name>SwitchParameter</maml:name><maml:uri /></dev:type><dev:defaultValue></dev:defaultValue></command:parameter><command:parameter required="false" variableLength="false" globbing="false" pipelineInput="true (ByPropertyName)" position="named" aliases=""><maml:name>DebugToolsPath</maml:name><maml:description><maml:para>Adds a path for the debug tools to the DartConfiguration object
</maml:para></maml:description><command:parameterValue required="true" variableLength="false">String</command:parameterValue><dev:type><maml:name>String</maml:name><maml:uri /></dev:type><dev:defaultValue></dev:defaultValue></command:parameter><command:parameter required="false" variableLength="false" globbing="false" pipelineInput="true (ByPropertyName)" position="named" aliases=""><maml:name>RemoteMessage</maml:name><maml:description><maml:para>Adds a Remote Connection message to a DartConfiguration object
</maml:para></maml:description><command:parameterValue required="true" variableLength="false">String</command:parameterValue><dev:type><maml:name>String</maml:name><maml:uri /></dev:type><dev:defaultValue></dev:defaultValue></command:parameter><command:parameter required="false" variableLength="false" globbing="false" pipelineInput="true (ByPropertyName)" position="named" aliases=""><maml:name>RemotePort</maml:name><maml:description><maml:para>Specifies the Remote Connection port to a DartConfiguration object
</maml:para></maml:description><command:parameterValue required="true" variableLength="false">Int32</command:parameterValue><dev:type><maml:name>Int32</maml:name><maml:uri /></dev:type><dev:defaultValue></dev:defaultValue></command:parameter><command:parameter required="false" variableLength="false" globbing="false" pipelineInput="true (ByPropertyName)" position="named" aliases=""><maml:name>ScratchSpace</maml:name><maml:description><maml:para>Specifies the amount of additional writeable memory on the system disk. The size can be any one of the following values in MB: 32, 64, 128, 256 and 512.
</maml:para></maml:description><command:parameterValue required="false" variableLength="false">SwitchParameter</command:parameterValue><dev:type><maml:name>SwitchParameter</maml:name><maml:uri /></dev:type><dev:defaultValue></dev:defaultValue></command:parameter></command:parameters><command:inputTypes><command:inputType><dev:type><maml:name></maml:name><maml:uri></maml:uri><maml:description><maml:para /></maml:description></dev:type><maml:description></maml:description></command:inputType></command:inputTypes><command:returnValues><command:returnValue><dev:type><maml:name>Microsoft.Dart.Configuration</maml:name><maml:uri></maml:uri><maml:description><maml:para /></maml:description></dev:type><maml:description><maml:para>

Type: Microsoft.Dart.Configuration

Description: A class that represents a the configuration of a Dart Image

When Output: Always

Configuration Property Microsoft.Dart.Configuration


</maml:para></maml:description></command:returnValue></command:returnValues><command:terminatingErrors /><command:nonTerminatingErrors /><maml:alertSet><maml:title /><maml:alert><maml:para>All of the parameters are optional.  However, a DartConfiguration object is required to use the Set-DartImage cmdlet.


</maml:para></maml:alert><maml:alert></maml:alert></maml:alertSet><command:examples><command:example><maml:title> 
-------------------------- EXAMPLE 1 -------------------------- 
</maml:title><maml:introduction><maml:para></maml:para></maml:introduction><dev:code>C:\PS&gt;New-DartConfiguration -AddAllTools

</dev:code><dev:remarks><maml:para>Description
</maml:para><maml:para>-----------
</maml:para><maml:para>Run this command to create a DartConfiguration object with all tools enabled.
</maml:para></dev:remarks><command:commandLines><command:commandLine><command:commandText /></command:commandLine></command:commandLines></command:example><command:example><maml:title> 
-------------------------- EXAMPLE 2 -------------------------- 
</maml:title><maml:introduction><maml:para></maml:para></maml:introduction><dev:code>C:\PS&gt;New-DartConfiguration -AddAllTools -RemoteMessage "My custom remote message" -RemotePort 1234 -ScratchSpace 256

</dev:code><dev:remarks><maml:para>Description
</maml:para><maml:para>-----------
</maml:para><maml:para>Run this command to create a DartConfiguration object with all tools enabled. The image includes a custom remote message, a custom remote port, and 256 MB of writeable memory. 
</maml:para></dev:remarks><command:commandLines><command:commandLine><command:commandText /></command:commandLine></command:commandLines></command:example><command:example><maml:title> 
-------------------------- EXAMPLE 3 -------------------------- 
</maml:title><maml:introduction><maml:para></maml:para></maml:introduction><dev:code>C:\PS&gt;New-DartConfiguration -AddComputerManagement -AddCrashAnalyzer -AddDiskCommander -AddExplorer -AddFileRestore -AddFileSearch -AddHotfixUninstall -AddRegistryEditor -AddRemoteConnection -AddSfcScan -AddSolutionWizard -AddTcpConfig -RemoteMessage "Test welcome message" -RemotePort 3388 -ScratchSpace 512 

</dev:code><dev:remarks><maml:para>Description
</maml:para><maml:para>-----------
</maml:para><maml:para>Run this command to create a DartConfiguration object with tools except DiskWipe and LockSmith to a Windows image. The image includes a custom remote message and a custom remote port.
</maml:para></dev:remarks><command:commandLines><command:commandLine><command:commandText /></command:commandLine></command:commandLines></command:example></command:examples><maml:relatedLinks><maml:navigationLink><maml:linkText>Copy-DartImage</maml:linkText><maml:uri /></maml:navigationLink><maml:navigationLink><maml:linkText>Export-DartImage</maml:linkText><maml:uri /></maml:navigationLink><maml:navigationLink><maml:linkText>Set-DartImage</maml:linkText><maml:uri /></maml:navigationLink></maml:relatedLinks></command:command><command:command xmlns:maml="http://schemas.microsoft.com/maml/2004/10" xmlns:command="http://schemas.microsoft.com/maml/dev/command/2004/10" xmlns:dev="http://schemas.microsoft.com/maml/dev/2004/10" xmlns:MSHelp="http://msdn.microsoft.com/mshelp"><command:details><command:name>Set-DartImage</command:name><maml:description><maml:para>Applies a DartConfiguration object to a mounted Windows image. This includes adding all files, configurations, and package dependencies.</maml:para></maml:description><maml:copyright><maml:para /></maml:copyright><command:verb>Set</command:verb><command:noun>DartImage</command:noun><dev:version /></command:details><maml:description><maml:para>The Set-DartImage cmdlet applies the DartConfiguration object to a mounted WIM path.
</maml:para></maml:description><command:syntax><command:syntaxItem><maml:name>Set-DartImage</maml:name><command:parameter required="true" variableLength="false" globbing="false" pipelineInput="false" position="1" aliases=""><maml:name>Path</maml:name><maml:description><maml:para>Path to the mounted Windows image where the DaRT tools will be added.
</maml:para></maml:description><command:parameterValue required="true" variableLength="false">String</command:parameterValue></command:parameter><command:parameter required="false" variableLength="false" globbing="false" pipelineInput="false" position="named" aliases=""><maml:name>PassThru</maml:name><maml:description><maml:para>Returns an object representing the ImagePath. By default, this cmdlet does not generate any output.
</maml:para></maml:description><command:parameterValue required="false" variableLength="false">SwitchParameter</command:parameterValue></command:parameter><command:parameter required="false" variableLength="false" globbing="false" pipelineInput="false" position="named" aliases=""><maml:name>ValidateOnly</maml:name><maml:description><maml:para>Tests the path and configuration object to determine whether they are valid
</maml:para></maml:description><command:parameterValue required="false" variableLength="false">SwitchParameter</command:parameterValue></command:parameter><command:parameter required="true" variableLength="false" globbing="false" pipelineInput="true (ByValue)" position="named" aliases=""><maml:name>Configuration</maml:name><maml:description><maml:para>DartConfiguration object that has information on what tools and options should be added to the windows image
</maml:para></maml:description><command:parameterValue required="true" variableLength="false">DartConfiguration</command:parameterValue></command:parameter><command:parameter required="false" variableLength="true" globbing="false" pipelineInput="false" position="named"><maml:name>Confirm</maml:name><maml:description><maml:para>Prompts you for confirmation before executing the command.</maml:para></maml:description><command:parameterValue required="false" variableLength="false">SwitchParameter</command:parameterValue><dev:type><maml:name>SwitchParameter</maml:name><maml:uri /></dev:type></command:parameter><command:parameter required="false" variableLength="true" globbing="false" pipelineInput="false" position="named"><maml:name>WhatIf</maml:name><maml:description><maml:para>Describes what would happen if you executed the command without actually executing the command.</maml:para></maml:description><command:parameterValue required="false" variableLength="false">SwitchParameter</command:parameterValue><dev:type><maml:name>SwitchParameter</maml:name><maml:uri /></dev:type></command:parameter></command:syntaxItem></command:syntax><command:parameters><command:parameter required="true" variableLength="false" globbing="false" pipelineInput="true (ByValue)" position="named" aliases=""><maml:name>Configuration</maml:name><maml:description><maml:para>DartConfiguration object that has information on what tools and options should be added to the windows image
</maml:para></maml:description><command:parameterValue required="true" variableLength="false">DartConfiguration</command:parameterValue><dev:type><maml:name>DartConfiguration</maml:name><maml:uri /></dev:type><dev:defaultValue></dev:defaultValue></command:parameter><command:parameter required="false" variableLength="false" globbing="false" pipelineInput="false" position="named" aliases=""><maml:name>PassThru</maml:name><maml:description><maml:para>Returns an object representing the ImagePath. By default, this cmdlet does not generate any output.
</maml:para></maml:description><command:parameterValue required="false" variableLength="false">SwitchParameter</command:parameterValue><dev:type><maml:name>SwitchParameter</maml:name><maml:uri /></dev:type><dev:defaultValue></dev:defaultValue></command:parameter><command:parameter required="true" variableLength="false" globbing="false" pipelineInput="false" position="1" aliases=""><maml:name>Path</maml:name><maml:description><maml:para>Path to the mounted Windows image where the DaRT tools will be added.
</maml:para></maml:description><command:parameterValue required="true" variableLength="false">String</command:parameterValue><dev:type><maml:name>String</maml:name><maml:uri /></dev:type><dev:defaultValue></dev:defaultValue></command:parameter><command:parameter required="false" variableLength="false" globbing="false" pipelineInput="false" position="named" aliases=""><maml:name>ValidateOnly</maml:name><maml:description><maml:para>Tests the path and configuration object to determine whether they are valid
</maml:para></maml:description><command:parameterValue required="false" variableLength="false">SwitchParameter</command:parameterValue><dev:type><maml:name>SwitchParameter</maml:name><maml:uri /></dev:type><dev:defaultValue></dev:defaultValue></command:parameter><command:parameter required="false" variableLength="true" globbing="false" pipelineInput="false" position="named"><maml:name>Confirm</maml:name><maml:description><maml:para>Prompts you for confirmation before executing the command.</maml:para></maml:description><command:parameterValue required="false" variableLength="false">SwitchParameter</command:parameterValue><dev:type><maml:name>SwitchParameter</maml:name><maml:uri /></dev:type></command:parameter><command:parameter required="false" variableLength="true" globbing="false" pipelineInput="false" position="named"><maml:name>WhatIf</maml:name><maml:description><maml:para>Describes what would happen if you executed the command without actually executing the command.</maml:para></maml:description><command:parameterValue required="false" variableLength="false">SwitchParameter</command:parameterValue><dev:type><maml:name>SwitchParameter</maml:name><maml:uri /></dev:type></command:parameter></command:parameters><command:inputTypes><command:inputType><dev:type><maml:name></maml:name><maml:uri></maml:uri><maml:description><maml:para /></maml:description></dev:type><maml:description></maml:description></command:inputType></command:inputTypes><command:returnValues><command:returnValue><dev:type><maml:name>System.IO.DirectoryInfo</maml:name><maml:uri></maml:uri><maml:description><maml:para /></maml:description></dev:type><maml:description><maml:para>

Type: System.IO.DirectoryInfo

Description: A class that represents the mount directory for the image

When Output: Output when a valid ImagePath is given, the PassThru flag is set, and the command executes to success

DirectoryInfoProperty System.IO.DirectoryInfo


</maml:para></maml:description></command:returnValue></command:returnValues><command:terminatingErrors /><command:nonTerminatingErrors /><maml:alertSet><maml:title /><maml:alert><maml:para>There are several operations in this command that may take several minutes. Use this command cautiously as it will make modify your mounted WIM.
</maml:para><maml:para>Microsoft recommends using Set-DartImage immediately after the DISM cmdlet Mount-WindowsImage.  Any other Windows image customizations should occur after Set-DartImage and before Dismount-WindowsImage.  See the Examples section for more information.


</maml:para></maml:alert><maml:alert></maml:alert></maml:alertSet><command:examples><command:example><maml:title> 
-------------------------- EXAMPLE 1 -------------------------- 
</maml:title><maml:introduction><maml:para></maml:para></maml:introduction><dev:code>C:\PS&gt;$c | Set-DartImage -Path C:\mount\

</dev:code><dev:remarks><maml:para>Description
</maml:para><maml:para>-----------
</maml:para><maml:para>Applies a DartConfiguration object ($c) to a mounted WIM
</maml:para></dev:remarks><command:commandLines><command:commandLine><command:commandText /></command:commandLine></command:commandLines></command:example><command:example><maml:title> 
-------------------------- EXAMPLE 2 -------------------------- 
</maml:title><maml:introduction><maml:para></maml:para></maml:introduction><dev:code>C:\PS&gt;New-DartConfiguration -AddAllTools | Set-DartImage -Path C:\mount\

</dev:code><dev:remarks><maml:para>Description
</maml:para><maml:para>-----------
</maml:para><maml:para>Pipes a New-DartConfiguration command directly into the Set-DartImage command.
</maml:para></dev:remarks><command:commandLines><command:commandLine><command:commandText /></command:commandLine></command:commandLines></command:example><command:example><maml:title> 
-------------------------- EXAMPLE 3 -------------------------- 
</maml:title><maml:introduction><maml:para></maml:para></maml:introduction><dev:code>C:\PS&gt;$c | Set-DartImage -Path C:\mount\ -ValidateOnly

System.IO.DirectoryInfo

</dev:code><dev:remarks><maml:para>Description
</maml:para><maml:para>-----------
</maml:para><maml:para>Validates all dependencies and returns errors, if any, for a DartConfiguration defined as $c, but does not change the mounted WIM.
</maml:para></dev:remarks><command:commandLines><command:commandLine><command:commandText /></command:commandLine></command:commandLines></command:example></command:examples><maml:relatedLinks><maml:navigationLink><maml:linkText>Copy-DartImage</maml:linkText><maml:uri /></maml:navigationLink><maml:navigationLink><maml:linkText>Export-DartImage</maml:linkText><maml:uri /></maml:navigationLink><maml:navigationLink><maml:linkText>New-DartConfiguration</maml:linkText><maml:uri /></maml:navigationLink></maml:relatedLinks></command:command></helpItems>
